[
    {
      "name": "Deepti Midha",
      "batch": "Batch 87-90",
      "description":
      "Director, PMO, Vishay Intertech"
    },{
      "name": "Vivek Karimbil",
      "batch": "Batch 87-90",
      "description":
      "VP Engineering, SAP"
    },{
      "name": "Samir Mathur",
      "batch": "Batch 93-96",
      "description":
      "Senior Vice President, Citi"
    },{
      "name": "Anita Goel",
      "batch": "Batch 86-88",
      "description":
      "Assistant Professor, DSC, UOD"
    },{
      "name": "Navneet Kumar",
      "batch": "Batch 21-24",
      "description":
      "Senior Lead Developer, Google"
    },{
      "name": "Dr. S.K. Pal",
      "batch": "2006",
      "description":
      "Scientist, DRDO"
    },{
      "name": "Ritambhra Korpal",
      "batch": "Batch 87-90",
      "description":"Assistant Professor, Pune University"
      
    }
]
