[
  {
    "title": "Alumni Meet",
    "url": "https://picsum.photos/id/1/200/100",
    "description": "Lorem ipsum dolor sit amet consectetur adipisicing elit. Quisquam, quod."
  },
  {
    "title": "News",
    "url": "https://picsum.photos/id/1/200/100",
    "description": "Lorem ipsum dolor sit amet consectetur adipisicing elit. Quisquam, quod."
  },
  {
    "title": "News Title",
    "url": "https://picsum.photos/id/1/200/100",
    "description": "Lorem ipsum dolor sit amet consectetur adipisicing elit. Quisquam, quod."
  },{
    "title": "News Title",
    "url": "https://picsum.photos/id/1/200/100",
    "description": "Location: Delhi"
  }
]